{"short_name":"Music Player","name":"Music Player PWA","icons":[{"src":"images/icons-vector.svg","type":"image/svg+xml","sizes":"150x150"},{"src":"images/icons-192.png","type":"image/png","sizes":"192x192"},{"src":"images/icons-512.png","type":"image/png","sizes":"512x512"},{"src":"images/maskable_icon.png","type":"image/png","sizes":"1024x1024","purpose":"maskable"}],"start_url":"/etic_mobile/","id":"/etic_mobile/","background_color":"#031E3C","display":"fullscreen","scope":"/etic_mobile/","theme_color":"#053160","description":"PWA Javascript music player"}